1000,10.155
1000,10.176
1000,10.187
1000,10.225
1000.1,10.204
1000.1,10.195
1000.1,10.169
1000.1,10.185
1000.1,10.2
1000.1,10.205
1000.1,10.209
1000.1,10.256
1000.1,10.244
1000.1,10.243
1000.2,10.275
1000.2,10.241
1000.2,10.231
1000.2,10.239
1000.2,10.189
1000.2,10.189
1000.2,10.19
1000.3,10.199
1000.3,10.179
1000.4,10.147
1000.4,10.116
1000.4,10.124
1000.4,10.134
1000.4,10.138
1000.5,10.208
1000.5,10.21
1000.6,10.155
1000.6,10.132
1000.7,10.206
1000.8,10.263
1000.8,10.23
1000.9,10.169
1000.9,10.199
1001,10.22
1001,10.2
1001,10.222
1001.1,10.237
1001.2,10.221
1001.3,10.192
1001.3,10.187
1001.4,10.188
1001.4,10.218
1001.5,10.152
1001.6,10.174
1001.8,10.152
1001.9,10.114
1002,10.152
1002,10.197
1002.1,10.2
1002.5,10.15
1002.6,10.183
1002.7,10.197
1002.7,10.188
1002.8,10.209
1003.3,10.271
1003.5,10.157
1003.7,10.172
1004.2,10.164
1004.3,10.128
1005.2,10.124
1005.4,10.14
1005.5,10.129
1005.7,10.114
1006.1,10.152
1006.4,10.154
1006.6,10.17
1007.5,10.139
1007.7,10.163
1008,10.161
1008.5,10.17
1009.3,10.206
1009.6,10.218
1010.2,10.175
1010.8,10.138
1011.5,10.206
1012.2,10.209
1012.6,10.231
1013,10.181
1013.4,10.132
1014.2,10.209
1014.7,10.171
1018.1,10.151
1018.4,10.193
1018.7,10.204
1019.3,10.13
1020.5,10.146
1021.8,10.118
1023.2,10.21
1024.9,10.125
1026.2,10.19
1027,10.203
1030.5,10.139
1031.4,10.101
1034.4,10.094
1034.4,10.121
1036.6,10.157
1037.7,10.123
1038.9,10.135
1040.1,10.188
1042.6,10.163
1043.9,10.192
1044.7,10.184
1045.3,10.237
1045.7,10.206
1046.7,10.168
1051.1,10.126
1052.7,10.163
1054.7,10.157
1057.8,10.256
1061.4,10.219
1063.3,10.166
1065.3,10.241
1067.3,10.261
1068,10.253
1069.4,10.255
1073.7,10.295
1076,10.232
1080.8,10.253
1083,10.216
1083.3,10.197
1088.5,10.258
1091.3,10.275
1100,10.235
1103.1,10.244
1103.7,10.225
1106.3,10.212
1109.6,10.273
1110.4,10.306
1111.4,10.229
1113,10.278
1120.1,10.27
1120.4,10.247
1122.3,10.325
1131.5,10.288
1135.6,10.25
1139.8,10.289
1144.7,10.284
1144.8,10.315
1145.8,10.326
1154.8,10.334
1161.5,10.243
1162.8,10.258
1167.9,10.301
1178.4,10.297
1180.2,10.371
1181.2,10.311
1183.9,10.222
1189.6,10.34
1190.2,10.347
1210.4,10.304
1214.2,10.277
1220.8,10.317
1234.7,10.317
1242,10.293
1244.8,10.383
1254.3,10.284
1255.3,10.421
1264.3,10.28
1270.3,10.341
1273.3,10.338
1280.2,10.414
1308.8,10.383
1318.7,10.44
1338.3,10.426
1344.1,10.425
1348.8,10.424
1354.3,10.47
1359.6,10.389
1370.2,10.464
1370.7,10.423
1382.2,10.419
1416.9,10.488
1417.9,10.469
1424.9,10.381
1426.9,10.455
1483,10.509
1487.7,10.464
1502.8,10.503
1506,10.473
1507,10.489
1516,10.49
1516.9,10.507
1518.4,10.475
1534.4,10.495
1544.7,10.498
1552.6,10.481
1553.6,10.468
1562.6,10.463
1568,10.508
1600.6,10.526
1601.6,10.495
1603.7,10.539
1606,10.502
1610.4,10.531
1610.6,10.58
1622.3,10.529
1644.8,10.554
1652.6,10.586
1661.5,10.521
1680.2,10.61
1700.6,10.595
1701.2,10.618
1702.2,10.594
1711.2,10.579
1753.8,10.569
1754.3,10.64
1754.8,10.592
1763.8,10.623
1770.3,10.597
1801.2,10.629
1818.7,10.647
1844.1,10.597
1853.8,10.613
1864,10.653
1865,10.598
1870.2,10.595
1874,10.606
1916.9,10.634
1924.9,10.608
1964,10.71
1983,10.796
2000,10.629
2000,10.661
2000,10.658
2000,10.719
2000.1,10.667
2000.1,10.708
2000.1,10.719
2000.1,10.707
2000.1,10.707
2000.1,10.706
2000.1,10.668
2000.1,10.639
2000.1,10.651
2000.1,10.629
2000.2,10.647
2000.2,10.618
2000.2,10.667
2000.2,10.677
2000.2,10.631
2000.2,10.634
2000.2,10.64
2000.3,10.651
2000.3,10.672
2000.4,10.654
2000.4,10.657
2000.4,10.627
2000.4,10.626
2000.4,10.627
2000.5,10.674
2000.5,10.742
2000.6,10.685
2000.6,10.633
2000.7,10.66
2000.8,10.685
2000.8,10.72
2000.9,10.764
2000.9,10.701
2001,10.75
2001,10.696
2001,10.702
2001.1,10.605
2001.2,10.652
2001.3,10.588
2001.3,10.704
2001.4,10.684
2001.4,10.666
2001.5,10.69
2001.6,10.718
2001.8,10.701
2001.9,10.69
2002,10.686
2002,10.711
2002.1,10.744
2002.5,10.711
2002.6,10.697
2002.7,10.708
2002.7,10.688
2003.3,10.704
2003.5,10.702
2003.7,10.667
2004.2,10.749
2004.3,10.652
2005.2,10.673
2005.4,10.611
2005.5,10.62
2005.7,10.666
2006,10.668
2006.1,10.673
2006.4,10.662
2006.6,10.654
2007.5,10.668
2007.7,10.649
2008,10.694
2008.5,10.663
2009.3,10.68
2009.6,10.663
2010.2,10.694
2010.8,10.691
2011.5,10.674
2012.2,10.656
2012.6,10.71
2013,10.664
2013.4,10.697
2014.2,10.686
2014.7,10.712
2018.1,10.678
2018.7,10.619
2019.3,10.639
2020.5,10.679
2021.8,10.677
2023.2,10.633
2026.2,10.674
2027,10.679
2030.5,10.661
2031.4,10.708
2034.4,10.719
2036.6,10.587
2037.7,10.629
2038.9,10.66
2040.1,10.702
2042.6,10.652
2043.9,10.632
2044.7,10.654
2045.3,10.717
2046.7,10.719
2051.1,10.706
2052.6,10.559
2052.7,10.658
2057.8,10.676
2061.4,10.656
2063.3,10.7
2065.3,10.672
2067.3,10.738
2069.4,10.799
2073.7,10.56
2076,10.675
2080.8,10.673
2083.3,10.746
2088.5,10.653
2091.3,10.686
2100,10.628
2100.6,10.688
2103.1,10.683
2106.3,10.667
2109.6,10.647
2110.4,10.661
2113,10.651
2120.1,10.767
2131.5,10.745
2135.6,10.672
2139.8,10.729
2144.8,10.652
2162.8,10.687
2167.9,10.771
2178.4,10.728
2180.2,10.674
2183.9,10.696
2189.6,10.759
2201.2,10.706
2214.2,10.701
2220.8,10.679
2234.7,10.691
2242,10.686
2253.8,10.659
2254.3,10.69
2273.3,10.663
2308.8,10.669
2338.3,10.626
2348.8,10.757
2359.6,10.729
2364,10.779
2370.7,10.72
2378.6,10.719
2379.6,10.769
2382.2,10.794
2388.6,10.701
2416.9,10.778
2452.2,10.831
2453.2,10.764
2462.2,10.807
2478.6,10.837
2487.7,10.773
2502.8,10.815
2506,10.807
2518.4,10.845
2534.4,10.828
2552.2,10.749
2552.6,10.862
2568,10.793
2600.6,10.793
2603.7,10.77
2606.3,10.799
2607.3,10.863
2616.3,10.898
2622.3,10.881
2661.5,10.754
2701.2,10.894
2706.3,10.839
2753.8,10.857
2770.1,10.919
2770.3,10.819
2771.1,10.913
2780.1,10.916
2818.7,10.967
2844.1,10.915
2864,10.869
2870.1,10.865
2870.2,10.861
2878.6,10.945
2924.9,10.913
2952.2,10.953
2983,10.889
3000,10.868
3000,10.887
3000,10.89
3000,10.923
3000.1,10.891
3000.1,10.85
3000.1,10.888
3000.1,10.882
3000.1,10.826
3000.1,10.881
3000.1,10.893
3000.1,10.82
3000.1,10.833
3000.1,10.848
3000.2,10.818
3000.2,10.832
3000.2,10.829
3000.2,10.873
3000.2,10.915
3000.2,10.895
3000.2,10.867
3000.3,10.879
3000.3,10.895
3000.4,10.912
3000.4,10.902
3000.4,10.887
3000.4,10.863
3000.4,10.853
3000.5,11.005
3000.5,10.905
3000.6,10.904
3000.6,10.929
3000.7,10.909
3000.8,10.897
3000.8,10.854
3000.9,10.896
3000.9,10.856
3001,10.912
3001,10.844
3001,10.85
3001.1,10.92
3001.2,10.874
3001.3,10.919
3001.3,10.853
3001.4,10.924
3001.4,10.914
3001.5,10.893
3001.6,10.855
3001.8,10.785
3001.9,10.798
3002,10.854
3002,10.893
3002.1,10.946
3002.5,10.97
3002.6,10.941
3002.7,10.943
3002.7,10.964
3003.3,10.908
3003.5,10.882
3003.7,10.905
3004.2,10.894
3004.3,10.889
3005.2,10.94
3005.4,10.854
3005.5,10.953
3005.7,10.91
3006.1,10.89
3006.4,10.917
3006.6,10.875
3007.5,10.845
3007.7,10.959
3008,10.972
3008.5,10.88
3009.3,10.924
3009.6,10.886
3010.2,10.917
3010.8,10.884
3011.5,10.886
3012.2,10.885
3012.6,10.869
3013,10.91
3013.4,10.864
3014.2,10.927
3014.7,10.865
3018.1,10.883
3018.7,11.014
3019.3,10.879
3020.5,10.867
3021.8,11.017
3023.2,10.953
3026.2,10.91
3027,10.914
3030.5,10.929
3031.4,10.921
3034.4,10.943
3036.6,10.967
3037.7,10.921
3038.9,10.914
3040.1,10.962
3042.6,10.905
3043.9,10.984
3044.7,10.921
3045.3,11.027
3046.7,10.981
3051.1,10.995
3052.7,10.961
3057.8,10.872
3061.4,10.895
3063.3,10.928
3065.3,10.931
3067.3,10.96
3069.4,10.975
3073.7,10.994
3076,10.936
3080.8,10.972
3083.3,11.011
3088.5,10.965
3091.3,10.951
3100,10.92
3103.1,10.898
3106.3,10.971
3106.3,10.997
3109.6,10.934
3110.4,10.893
3113,10.877
3120.1,10.858
3129.2,10.981
3130.2,10.967
3131.5,10.889
3135.6,10.982
3139.2,10.876
3139.8,10.913
3144.8,11.007
3162.8,10.918
3167.9,10.994
3178.4,10.99
3180.2,10.929
3183.9,10.935
3189.6,10.95
3214.2,11.031
3220.8,10.903
3226,10.926
3227,10.936
3229.2,10.875
3234.7,10.929
3236,10.924
3242,10.917
3254.3,10.973
3270.1,10.951
3273.3,10.986
3308.8,10.841
3325.8,10.986
3326,10.976
3326.8,11.021
3335.8,10.973
3338.3,10.966
3348.8,11.035
3359.6,10.981
3370.7,10.999
3378.6,10.905
3382.2,10.976
3416.9,11.086
3425.8,10.933
3452.2,11.024
3487.7,11.015
3502.8,11.019
3506,10.988
3518.4,11.008
3534.4,11.05
3552.6,10.967
3568,11.031
3600.6,11.059
3603.7,11.097
3606.3,10.98
3622.3,10.998
3629.2,10.981
3644.2,11.075
3645.2,10.982
3654.2,11.062
3661.5,10.957
3701.2,11.093
3726,11.006
3744.2,11.129
3753.8,11.01
3770.1,11.087
3770.3,11.133
3818.7,11.113
3825.8,11.1
3844.1,11.147
3864,11.057
3870.2,11.028
3873.2,11.042
3874.2,11.051
3883.2,11.087
3924.9,11.092
3973.2,11.141
3983,11.037
4044.7,11.052
4110.4,11.125
4129.2,11.122
4144.2,11.149
4144.8,11.076
4180.2,11.261
4226,11.158
4244,11.258
4245,11.167
4254,11.066
4254.3,11.098
4325.8,11.236
4344,11.194
4373.2,11.152
4378.6,11.268
4416.9,11.241
4452.2,11.251
4506,11.313
4510.7,11.168
4511.7,11.319
4520.7,11.232
4552.6,11.235
4600.6,11.268
4606.3,11.197
4610.7,11.179
4644.2,11.274
4701.2,11.168
4744,11.287
4753.8,11.255
4770.1,11.254
4794.1,11.319
4795.1,11.346
4804.1,11.255
4864,11.3
4873.2,11.33
4894.1,11.247
4942.5,11.331
4943.5,11.332
4952.5,11.285
5000,11.208
5000,11.206
5000,11.209
5000,11.255
5000.1,11.276
5000.1,11.28
5000.1,11.275
5000.1,11.204
5000.1,11.269
5000.1,11.26
5000.1,11.249
5000.1,11.294
5000.1,11.276
5000.1,11.275
5000.2,11.223
5000.2,11.276
5000.2,11.26
5000.2,11.228
5000.2,11.233
5000.2,11.218
5000.2,11.27
5000.3,11.297
5000.3,11.264
5000.4,11.244
5000.4,11.269
5000.4,11.211
5000.4,11.221
5000.4,11.21
5000.5,11.201
5000.5,11.208
5000.6,11.221
5000.6,11.266
5000.7,11.193
5000.8,11.329
5000.8,11.316
5000.9,11.294
5000.9,11.21
5001,11.267
5001,11.268
5001,11.28
5001.1,11.238
5001.2,11.251
5001.3,11.309
5001.3,11.202
5001.4,11.241
5001.4,11.3
5001.5,11.328
5001.6,11.162
5001.8,11.256
5001.9,11.308
5002,11.256
5002,11.314
5002.1,11.299
5002.5,11.287
5002.6,11.263
5002.7,11.307
5002.7,11.194
5003.3,11.302
5003.5,11.307
5003.7,11.244
5004.2,11.263
5004.3,11.249
5005.2,11.239
5005.4,11.195
5005.5,11.21
5005.7,11.255
5006.1,11.299
5006.4,11.342
5006.6,11.314
5007.5,11.313
5007.7,11.396
5008,11.263
5008.5,11.317
5009.3,11.32
5009.6,11.265
5010.2,11.3
5010.7,11.301
5010.8,11.298
5011.5,11.214
5012.2,11.289
5012.6,11.229
5013,11.184
5013.4,11.336
5014.2,11.251
5014.7,11.243
5018.1,11.229
5018.7,11.253
5019.3,11.26
5020.5,11.289
5021.8,11.297
5023.2,11.242
5026.2,11.243
5027,11.233
5030.5,11.298
5031.4,11.228
5034.4,11.232
5036.6,11.245
5037.7,11.261
5038.9,11.299
5040.1,11.317
5042.5,11.308
5042.6,11.229
5043.9,11.27
5045.3,11.259
5046.7,11.341
5051.1,11.255
5052.7,11.322
5057.8,11.272
5061.4,11.275
5063.3,11.227
5065.3,11.255
5067.3,11.287
5069.4,11.325
5073.7,11.272
5076,11.263
5080.8,11.296
5083.3,11.277
5088.5,11.287
5091.3,11.28
5100,11.312
5103.1,11.222
5106.3,11.276
5109.6,11.168
5113,11.211
5120.1,11.246
5129.2,11.31
5131.5,11.198
5135.6,11.277
5139.8,11.183
5162.8,11.325
5167.9,11.272
5178.4,11.384
5183.9,11.312
5189.6,11.286
5214.2,11.284
5220.8,11.304
5226,11.256
5234.7,11.328
5242,11.249
5244,11.287
5273.3,11.335
5294.1,11.299
5308.8,11.248
5325.8,11.347
5338.3,11.392
5348.8,11.273
5359.6,11.265
5370.7,11.344
5378.6,11.386
5382.2,11.344
5415.6,11.339
5416.6,11.308
5425.6,11.328
5442.5,11.337
5452.2,11.285
5487.7,11.31
5502.8,11.342
5510.7,11.419
5515.6,11.41
5518.4,11.368
5534.4,11.373
5568,11.374
5603.7,11.383
5606.3,11.32
5622.3,11.315
5644.2,11.41
5661.5,11.364
5770.1,11.442
5770.3,11.467
5794.1,11.349
5818.7,11.432
5844.1,11.378
5870.2,11.413
5873.2,11.431
5915.6,11.443
5924.9,11.439
5934,11.379
5935,11.411
5942.5,11.404
5944,11.421
5983,11.417
6034,11.436
6044.7,11.484
6110.4,11.371
6129.2,11.44
6144.8,11.411
6180.2,11.489
6226,11.467
6244,11.498
6254.3,11.439
6325.8,11.455
6415.6,11.599
6416.9,11.449
6434,11.461
6506,11.552
6510.7,11.495
6552.6,11.495
6600.6,11.53
6644.2,11.547
6701.2,11.629
6703.2,11.49
6704.2,11.511
6713.2,11.669
6753.8,11.575
6794.1,11.573
6803.2,11.491
6864,11.519
6873.2,11.487
6934,11.532
6942.5,11.511
7000,11.53
7000,11.514
7000,11.502
7000,11.53
7000.1,11.604
7000.1,11.647
7000.1,11.591
7000.1,11.537
7000.1,11.523
7000.1,11.56
7000.1,11.563
7000.1,11.548
7000.1,11.583
7000.1,11.624
7000.2,11.626
7000.2,11.655
7000.2,11.629
7000.2,11.633
7000.2,11.624
7000.2,11.578
7000.2,11.535
7000.3,11.509
7000.3,11.528
7000.4,11.592
7000.4,11.617
7000.4,11.587
7000.4,11.675
7000.4,11.686
7000.5,11.622
7000.5,11.538
7000.6,11.591
7000.6,11.582
7000.7,11.633
7000.8,11.544
7000.8,11.553
7000.9,11.608
7000.9,11.579
7001,11.628
7001,11.571
7001,11.532
7001.1,11.539
7001.2,11.574
7001.3,11.606
7001.3,11.625
7001.4,11.613
7001.4,11.597
7001.5,11.573
7001.6,11.654
7001.8,11.595
7001.9,11.595
7002,11.608
7002,11.656
7002.1,11.451
7002.5,11.627
7002.6,11.596
7002.7,11.55
7002.7,11.561
7003.3,11.58
7003.5,11.523
7003.7,11.596
7004.2,11.59
7004.3,11.53
7005.2,11.514
7005.4,11.565
7005.5,11.613
7005.7,11.577
7006.1,11.591
7006.4,11.562
7006.6,11.533
7007.5,11.478
7007.7,11.497
7008,11.567
7008.5,11.538
7009.3,11.536
7009.6,11.569
7010.2,11.459
7010.8,11.561
7011.5,11.52
7012.2,11.597
7012.6,11.526
7013,11.527
7013.4,11.464
7014.2,11.538
7014.7,11.517
7018.1,11.562
7018.7,11.495
7019.3,11.567
7020.5,11.578
7021.8,11.482
7023.2,11.555
7026.2,11.54
7027,11.532
7030.5,11.505
7031.4,11.496
7034.4,11.538
7036.6,11.552
7037.7,11.534
7038.9,11.492
7040.1,11.501
7042.6,11.564
7043.9,11.521
7045.3,11.473
7046.7,11.535
7051.1,11.643
7052.7,11.683
7057.8,11.488
7061.4,11.515
7063.3,11.551
7065.3,11.676
7067.3,11.553
7069.4,11.487
7073.7,11.635
7076,11.522
7080.8,11.503
7083.3,11.438
7088.5,11.555
7091.3,11.529
7100,11.566
7103.1,11.575
7106.3,11.622
7109.6,11.529
7113,11.585
7120.1,11.544
7124.4,11.564
7125.4,11.526
7131.5,11.571
7134.4,11.62
7135.6,11.59
7139.8,11.511
7162.8,11.65
7167.9,11.534
7178.4,11.639
7183.9,11.605
7189.6,11.539
7203.2,11.59
7214.2,11.567
7220.8,11.609
7224.4,11.585
7234.7,11.497
7242,11.625
7244,11.55
7273.3,11.634
7308.8,11.527
7338.3,11.478
7344.9,11.561
7345.9,11.614
7348.8,11.616
7354.9,11.664
7359.6,11.578
7370.7,11.617
7378.6,11.725
7382.2,11.631
7415.6,11.553
7444.9,11.529
7452.2,11.661
7487.7,11.577
7502.8,11.649
7510.7,11.579
7518.4,11.641
7534.4,11.596
7568,11.596
7572.1,11.644
7573.1,11.638
7582.1,11.667
7603.7,11.669
7606.3,11.666
7622.3,11.697
7624.4,11.636
7661.5,11.582
7672.1,11.634
7703.2,11.642
7770.1,11.622
7770.3,11.679
7794.1,11.683
7806.4,11.68
7807.4,11.695
7816.4,11.625
7818.7,11.682
7844.1,11.706
7844.9,11.605
7870.2,11.649
7906.4,11.553
7924.9,11.637
7934,11.572
7942.5,11.719
7983,11.697
8044.7,11.71
8048,11.663
8049,11.715
8058,11.716
8072.1,11.549
8110.4,11.678
8124.4,11.746
8129.2,11.667
8144.8,11.727
8148,11.777
8180.2,11.717
8226,11.695
8254.3,11.674
8306.4,11.751
8325.8,11.747
8344.9,11.68
8415.6,11.739
8416.9,11.719
8506,11.722
8548,11.658
8552.6,11.679
8572.1,11.707
8600.6,11.78
8644.2,11.7
8701.2,11.827
8703.2,11.739
8753.8,11.744
8806.4,11.79
8818.4,11.759
8819.4,11.735
8828.4,11.831
8864,11.838
8873.2,11.764
8918.4,11.801
8934,11.694
9048,11.828
9124.4,11.838
9244,11.719
9318.4,11.7
9344.9,11.642
9378.6,11.722
9452.2,11.719
9510.7,11.768
9572.1,11.756
9606.3,11.795
9703.2,11.803
9770.1,11.789
9794.1,11.769
9806.4,11.813
9818.4,11.75
9942.5,11.825
10000,11.786
10000,11.795
10000,11.77
10000,11.73
10000,11.774
10000,11.802
10000,11.892
10000,11.845
10000,11.799
10000,11.856
10000,11.821
10000,11.83
10000,11.815
10000,11.83
10000,11.824
10000,11.815
10000,11.806
10000,11.796
10000,11.874
10000,11.93
10000,11.916
10000,11.862
10000,11.859
10000,11.828
10000,11.865
10000,11.886
10000,11.805
10000,11.839
10000,11.795
10001,11.836
10001,11.813
10001,11.859
10001,11.765
10001,11.764
10001,11.749
10001,11.778
10001,11.757
10001,11.797
10001,11.779
10001,11.858
10001,11.958
10001,11.813
10001,11.764
10001,11.891
10001,11.838
10001,11.829
10001,11.747
10002,11.91
10002,11.865
10002,11.846
10002,11.838
10002,11.765
10002,11.818
10002,11.804
10003,11.815
10003,11.818
10003,11.729
10003,11.83
10003,11.811
10004,11.893
10004,11.791
10004,11.764
10005,11.73
10005,11.781
10006,11.676
10006,11.75
10006,11.715
10006,11.705
10007,11.797
10007,11.689
10008,11.83
10008,11.874
10008,11.837
10009,11.722
10010,11.636
10010,11.79
10011,11.806
10011,11.929
10012,11.79
10013,11.849
10013,11.917
10013,11.794
10014,11.774
10015,11.79
10018,11.851
10019,11.823
10019,11.76
10020,11.845
10022,11.838
10023,11.783
10026,11.774
10027,11.794
10030,11.784
10031,11.835
10034,11.72
10037,11.787
10038,11.834
10039,11.853
10040,11.838
10043,11.725
10044,11.843
10045,11.795
10047,11.77
10048,11.851
10051,11.817
10053,11.75
10058,11.853
10061,11.877
10063,11.836
10065,11.852
10067,11.885
10069,11.753
10074,11.81
10076,11.834
10081,11.85
10083,11.859
10089,11.734
10091,11.783
10100,11.81
10103,11.717
10106,11.85
10110,11.808
10113,11.806
10120,11.825
10124,11.887
10129,11.79
10132,11.725
10136,11.752
10140,11.837
10163,11.902
10168,11.828
10178,11.761
10184,11.785
10190,11.844
10214,11.884
10221,11.787
10226,11.841
10235,11.835
10242,11.829
10270,11.733
10271,11.894
10273,11.867
10280,11.812
10309,11.748
10326,11.85
10338,11.977
10345,11.896
10349,11.929
10360,11.797
10370,11.909
10371,11.838
10382,11.858
10416,11.849
10488,11.813
10503,11.766
10518,11.74
10534,11.831
10568,11.839
10572,11.835
10604,11.829
10622,11.822
10644,11.809
10661,11.836
10770,11.855
10770,11.876
10806,11.818
10818,11.86
10819,11.73
10844,11.838
10870,11.91
10873,11.787
10925,11.886
10934,11.871
10983,11.856
11045,11.892
11048,11.772
11110,11.945
11145,11.864
11180,11.932
11244,11.912
11254,11.909
11270,11.884
11417,11.99
11506,11.949
11511,11.782
11553,11.889
11601,11.863
11601,11.807
11602,11.795
11611,11.814
11701,11.998
11701,11.82
11703,11.855
11754,11.887
11794,11.88
11818,11.944
11864,11.913
11942,11.912
11960,11.959
11961,11.928
11970,11.933
12060,11.876
12101,11.995
12124,11.951
12270,11.899
12345,11.999
12379,11.919
12416,12.114
12452,12.003
12460,11.978
12572,11.954
12601,11.979
12606,12.038
12711,12.029
12712,11.992
12721,12.093
12770,12.021
12806,11.965
12811,12.015
12934,12.002
12960,11.937
13048,12.08
13105,12.05
13106,12.049
13115,12.028
13129,12.008
13205,12.082
13211,12.033
13226,12.067
13270,12.126
13326,12.081
13510,12.013
13511,12.231
13520,12.063
13601,12.008
13605,12.092
13610,12.157
13644,12.178
13703,12.111
13711,12.056
13818,12.134
13873,12.054
13960,12.141
14010,12.117
14105,12.043
14124,12.052
14244,12.172
14345,12.03
14510,12.006
14511,12.046
14572,12.068
14601,12.051
14711,12.151
14794,12.136
14804,12.072
14805,12.19
14806,12.126
14814,12.083
14904,12.037
14942,12.1
14960,12.038
15000,12.146
15000,12.104
15000,12.094
15000,12.172
15000,12.128
15000,12.175
15000,12.097
15000,12.139
15000,12.179
15000,12.149
15000,12.056
15000,12.09
15000,12.097
15000,12.213
15000,12.202
15000,12.133
15000,12.094
15000,12.045
15000,12.122
15000,12.1
15000,12.185
15000,12.105
15000,12.105
15000,12.144
15000,12.126
15000,12.156
15000,12.167
15000,12.101
15000,12.204
15001,12.107
15001,12.092
15001,12.043
15001,12.07
15001,12.123
15001,12.05
15001,12.146
15001,12.155
15001,12.215
15001,12.061
15001,12.118
15001,12.124
15001,12.104
15001,12.115
15001,12.138
15001,12.079
15001,12.134
15001,12.05
15002,12.153
15002,12.112
15002,12.124
15002,12.138
15002,12.235
15002,12.127
15002,12.2
15003,12.176
15003,12.085
15003,12.173
15003,12.116
15003,12.094
15004,12.151
15004,12.09
15004,12.158
15005,12.173
15005,12.071
15006,12.131
15006,12.163
15006,12.132
15006,12.118
15007,12.162
15007,12.134
15008,12.188
15008,12.16
15008,12.151
15009,12.068
15010,12.105
15010,12.093
15011,12.178
15011,12.234
15012,12.016
15013,12.116
15013,12.071
15013,12.188
15014,12.078
15015,12.09
15018,12.135
15019,12.121
15019,12.164
15020,12.165
15022,12.061
15023,12.08
15026,12.202
15027,12.171
15030,12.025
15031,12.144
15034,11.981
15037,11.995
15038,12.082
15039,12.124
15040,12.179
15043,12.049
15044,12.09
15045,12.112
15047,12.036
15048,12.106
15051,11.999
15053,12.11
15058,11.997
15061,12.084
15063,12.17
15065,12.092
15067,12.063
15069,12.135
15074,12.151
15076,12.14
15081,12.123
15083,12.067
15089,12.106
15091,12.068
15100,12.182
15103,12.183
15105,12.236
15106,12.186
15110,12.115
15113,12.166
15120,12.107
15132,12.17
15136,12.18
15140,12.052
15163,12.154
15168,12.052
15178,12.121
15184,12.062
15190,12.169
15214,12.124
15221,12.027
15235,12.118
15242,12.1
15262,12.152
15263,12.157
15270,12.151
15272,12.09
15273,12.194
15304,12.172
15309,12.095
15338,12.064
15349,12.111
15360,12.179
15362,12.185
15371,12.169
15382,12.113
15416,12.089
15488,12.129
15503,12.162
15510,12.208
15518,12.198
15534,12.109
15568,12.253
15604,12.202
15622,12.137
15661,12.056
15711,12.063
15762,12.294
15770,12.161
15804,12.117
15818,12.083
15819,12.19
15844,12.223
15870,12.184
15925,12.159
15934,12.101
15983,12.258
16045,12.149
16105,12.087
16110,12.313
16145,12.302
16180,12.207
16221,12.117
16222,12.126
16231,12.041
16254,12.204
16262,12.121
16321,12.327
16417,12.145
16506,12.175
16510,12.27
16553,12.215
16601,12.188
16601,12.197
16701,12.219
16703,12.02
16721,12.139
16754,12.208
16804,12.228
16864,12.231
16960,12.233
17124,12.148
17221,12.203
17240,12.154
17241,12.256
17250,12.235
17262,12.287
17270,12.161
17340,12.227
17345,12.216
17379,12.293
17452,12.337
17572,12.159
17606,12.138
17711,12.331
17740,12.183
17770,12.252
17804,12.162
17806,12.204
18048,12.324
18105,12.183
18129,12.326
18221,12.264
18226,12.255
18240,12.317
18262,12.253
18323,12.222
18324,12.192
18326,12.265
18333,12.268
18423,12.256
18510,12.239
18601,12.336
18644,12.394
18818,12.287
18823,12.327
18873,12.262
18960,12.323
19221,12.343
19240,12.365
19244,12.177
19323,12.21
19511,12.201
19711,12.391
19794,12.354
19804,12.265
19942,12.396
20000,12.409
20000,12.381
20000,12.403
20000,12.368
20000,12.423
20000,12.334
20000,12.269
20000,12.273
20000,12.341
20000,12.359
20000,12.358
20000,12.347
20000,12.291
20000,12.333
20000,12.291
20000,12.317
20000,12.332
20000,12.312
20000,12.328
20000,12.416
20000,12.371
20000,12.371
20000,12.4
20000,12.352
20000,12.341
20000,12.42
20000,12.384
20000,12.345
20000,12.279
20001,12.347
20001,12.355
20001,12.452
20001,12.392
20001,12.383
20001,12.388
20001,12.38
20001,12.429
20001,12.36
20001,12.34
20001,12.337
20001,12.393
20001,12.393
20001,12.406
20001,12.418
20001,12.275
20001,12.266
20001,12.374
20002,12.348
20002,12.441
20002,12.269
20002,12.185
20002,12.403
20002,12.342
20002,12.35
20003,12.277
20003,12.356
20003,12.267
20003,12.354
20003,12.329
20004,12.291
20004,12.372
20004,12.343
20005,12.342
20005,12.425
20006,12.331
20006,12.305
20006,12.274
20006,12.386
20007,12.335
20007,12.421
20008,12.321
20008,12.268
20008,12.356
20009,12.386
20010,12.407
20010,12.196
20011,12.288
20011,12.231
20012,12.274
20013,12.361
20013,12.392
20013,12.354
20014,12.349
20015,12.257
20018,12.276
20019,12.256
20019,12.308
20020,12.282
20022,12.449
20023,12.304
20026,12.247
20027,12.36
20030,12.297
20031,12.37
20034,12.303
20037,12.37
20038,12.288
20039,12.265
20040,12.419
20043,12.38
20044,12.342
20045,12.315
20047,12.239
20051,12.366
20053,12.236
20058,12.313
20061,12.37
20063,12.357
20065,12.36
20067,12.449
20069,12.489
20074,12.398
20076,12.357
20081,12.236
20083,12.388
20089,12.404
20091,12.384
20100,12.292
20103,12.311
20105,12.311
20106,12.275
20110,12.316
20113,12.391
20120,12.313
20132,12.273
20136,12.435
20140,12.325
20163,12.343
20168,12.309
20178,12.251
20184,12.334
20190,12.413
20214,12.256
20221,12.262
20235,12.264
20240,12.324
20242,12.249
20262,12.297
20270,12.353
20273,12.378
20309,12.388
20323,12.327
20338,12.319
20349,12.313
20360,12.271
20371,12.232
20382,12.238
20416,12.312
20488,12.302
20503,12.411
20510,12.26
20518,12.34
20534,12.316
20568,12.356
20604,12.385
20622,12.392
20661,12.425
20770,12.337
20819,12.367
20844,12.33
20870,12.361
20925,12.337
20934,12.294
20983,12.402
21045,12.339
21110,12.362
21145,12.398
21180,12.261
21221,12.364
21254,12.346
21323,12.369
21417,12.368
21506,12.406
21553,12.296
21601,12.454
21601,12.521
21701,12.468
21703,12.41
21754,12.342
21804,12.35
21864,12.487
21960,12.41
21999,12.434
22000,12.353
22009,12.449
22099,12.525
22124,12.456
22240,12.378
22262,12.411
22345,12.477
22379,12.467
22452,12.328
22499,12.526
22572,12.487
22606,12.456
22711,12.468
22770,12.419
22806,12.556
22999,12.498
23048,12.505
23105,12.462
23129,12.434
23221,12.565
23226,12.407
23323,12.473
23326,12.44
23382,12.416
23383,12.427
23392,12.342
23482,12.405
23510,12.457
23644,12.505
23818,12.551
23873,12.537
23882,12.435
23999,12.451
24240,12.402
24244,12.522
24382,12.499
24511,12.62
24794,12.443
24804,12.573
24851,12.446
24852,12.474
24861,12.403
24942,12.641
24951,12.59
24999,12.446
25262,12.573
25270,12.525
25323,12.523
25351,12.488
25382,12.616
25416,12.494
25620,12.557
25621,12.505
25630,12.573
25720,12.547
25851,12.584
25934,12.607
26120,12.59
26221,12.34
26382,12.421
26413,12.583
26414,12.507
26423,12.479
26513,12.57
26601,12.482
26620,12.465
26703,12.605
26851,12.501
26913,12.62
26960,12.64
26999,12.682
27124,12.631
27230,12.579
27231,12.535
27240,12.46
27240,12.689
27330,12.646
27345,12.531
27413,12.562
27572,12.606
27620,12.63
27711,12.719
27730,12.616
27806,12.554
27851,12.607
28048,12.7
28105,12.691
28230,12.662
28323,12.69
28382,12.747
28413,12.575
28510,12.581
28620,12.672
28818,12.704
28941,12.634
28942,12.539
28951,12.756
28999,12.646
29041,12.623
29230,12.655
29413,12.796
29441,12.557
29804,12.683
29836,12.744
29837,12.656
29846,12.701
29851,12.501
29936,12.734
29941,12.59
30230,12.59
30262,12.636
30270,12.578
30336,12.638
30382,12.532
30620,12.667
30760,12.657
30761,12.662
30770,12.63
30836,12.635
30860,12.693
30941,12.57
31221,12.697
31260,12.782
31413,12.591
31601,12.636
31711,12.724
31712,12.65
31721,12.573
31760,12.536
31811,12.725
31836,12.732
31851,12.752
31941,12.684
31960,12.706
31999,12.701
32211,12.765
32230,12.66
32240,12.854
32620,12.648
32693,12.629
32694,12.783
32703,12.686
32711,12.757
32711,12.702
32760,12.729
32793,12.751
32836,12.783
33105,12.592
33193,12.723
33323,12.67
33382,12.627
33413,12.774
33510,12.658
33693,12.736
33704,12.661
33705,12.786
33711,12.736
33714,12.689
33760,12.661
33804,12.679
33941,12.659
34204,12.598
34230,12.674
34693,12.754
34704,12.692
34711,12.705
34804,12.775
34836,12.688
34851,12.787
35262,12.776
35620,12.775
35693,12.756
35704,12.756
35760,12.663
35822,12.674
35823,12.715
35832,12.745
35922,12.767
35941,12.678
36221,12.769
36322,12.707
36413,12.699
36704,12.793
36711,12.712
36822,12.805
36836,12.747
36930,12.72
36931,12.745
36940,12.755
36999,12.616
37030,12.645
37230,12.799
37240,12.695
37430,12.836
37693,12.652
37760,12.734
37822,12.811
37930,12.765
38323,12.701
38382,12.694
38704,12.772
38711,12.896
38822,12.781
38930,12.828
38941,12.771
39693,12.857
39836,12.84
39851,12.821
39930,12.858
40620,12.797
40704,12.871
40760,12.787
40822,12.928
41413,12.789
41711,12.81
41930,12.852
41999,12.884
42230,12.865
42693,12.827
42822,12.758
43382,12.887
43704,12.983
43930,12.974
43941,12.807
44339,12.928
44340,12.879
44349,12.961
44439,12.878
44836,12.959
44839,12.988
44851,12.799
45339,12.926
45620,12.826
45760,12.833
45822,12.86
46339,12.888
46413,12.918
46711,12.892
46930,12.871
47230,12.992
47339,12.876
47693,12.821
48704,12.824
48941,12.901
49339,12.867
49836,12.943
50000,12.855
50000,12.885
50000,12.913
50000,12.97
50000,12.937
50000,12.934
50000,12.925
50000,13.051
50000,13.057
50000,12.882
50000,12.887
50000,12.968
50000,12.948
50000,12.949
50000,12.879
50000,12.878
50000,12.918
50000,12.962
50000,12.854
50000,12.857
50000,12.924
50000,12.94
50000,12.957
50000,12.935
50000,12.956
50000,13.064
50000,12.843
50000,12.928
50000,12.94
50001,12.928
50001,13.073
50001,13.04
50001,12.914
50001,12.967
50001,12.978
50001,12.834
50001,12.941
50001,13.013
50001,12.967
50001,12.89
50001,12.864
50001,12.963
50001,12.937
50001,12.932
50001,12.921
50001,12.954
50001,13.029
50002,12.87
50002,12.988
50002,13.04
50002,13.068
50002,13.002
50002,12.897
50002,12.948
50003,12.914
50003,12.899
50003,12.876
50003,12.925
50003,12.85
50004,12.845
50004,12.862
50004,12.881
50005,12.893
50005,12.845
50006,12.952
50006,12.923
50006,12.892
50006,12.93
50007,12.937
50007,12.919
50008,12.887
50008,12.811
50008,12.773
50009,13.014
50010,12.95
50010,12.981
50011,13.019
50011,13.05
50012,13.019
50013,12.914
50013,12.971
50013,12.972
50014,12.985
50015,12.985
50018,12.848
50019,12.832
50019,12.935
50020,12.802
50022,12.892
50023,12.847
50026,12.977
50027,12.783
50030,12.974
50031,12.851
50034,12.826
50037,12.85
50038,12.959
50039,12.942
50040,13.025
50043,12.876
50044,12.968
50045,12.845
50047,12.878
50051,12.913
50053,12.874
50058,12.954
50061,12.964
50063,12.858
50065,13
50067,12.92
50069,12.994
50074,12.961
50076,13.033
50081,12.938
50083,13.014
50089,13.048
50091,12.899
50100,12.924
50103,12.963
50106,12.95
50110,12.882
50113,12.933
50120,12.894
50132,12.95
50136,12.977
50140,12.974
50163,12.93
50168,12.879
50178,12.873
50184,12.99
50190,12.909
50214,12.926
50221,12.987
50235,12.874
50242,12.899
50273,12.921
50309,12.985
50338,12.948
50349,12.941
50360,12.839
50371,12.998
50382,12.88
50488,12.898
50503,12.876
50518,12.919
50534,12.975
50568,12.983
50604,12.961
50622,12.912
50661,12.87
50760,12.984
50770,13.139
50819,12.901
50822,12.909
50844,12.959
50870,12.895
50925,12.857
50983,12.811
51045,12.934
51110,13.009
51145,12.986
51180,13.017
51254,12.871
51339,12.917
51417,13.003
51506,12.97
51553,12.943
51601,12.92
51701,12.906
51711,13.057
51754,13.022
51864,12.933
51930,12.984
52379,13.046
52452,12.894
52606,13.056
52693,12.898
52770,13.024
53129,12.873
53226,12.976
53234,12.966
53235,12.984
53244,12.965
53326,12.986
53334,12.963
53644,13.043
53704,13.018
53734,13.027
53873,13.024
54234,13.076
54244,13.021
54339,13.117
54511,13.026
54794,13.114
54942,13.03
55234,13.064
55416,12.986
55822,13.106
55934,13.144
56234,13.114
56580,13.158
56581,13.005
56590,13.034
56680,13.136
56703,13.027
56930,13.065
57080,13.008
57124,12.963
57345,12.974
57572,13.027
57580,12.991
57806,13.12
58048,13.005
58234,12.958
58580,13.23
58818,13.014
59339,13.087
59580,13.035
60234,13.194
60270,13.12
61580,13.221
61601,13.366
61960,13.251
61996,13.192
61997,13.046
62006,13.195
62096,13.132
62496,13.071
62711,13.151
62996,13.239
63105,13.056
63234,13.282
63510,13.189
63580,13.063
63996,13.096
64339,13.213
64804,13.286
64996,13.077
65262,13.036
65891,13.039
65892,13.201
65901,13.166
65991,12.94
66221,13.164
66391,13.228
66580,13.271
66891,13.188
66996,13.206
67240,13.225
67891,13.166
68234,13.281
68323,13.116
68891,13.168
68996,13.235
70891,13.419
71580,13.418
71996,13.328
71999,13.258
72199,13.185
72200,13.328
72209,13.203
72299,13.143
72699,13.297
72891,13.25
73199,13.222
73234,13.206
73382,13.294
74199,13.296
74851,13.201
75199,13.376
75620,13.16
75891,13.311
76413,13.333
76580,13.195
76996,13.215
77199,13.131
77230,13.16
78941,13.298
79199,13.247
79836,13.259
80760,13.242
80891,13.283
81711,13.287
81996,13.399
82199,13.248
82693,13.354
83704,13.422
85822,13.469
85891,13.25
86683,13.393
86684,13.471
86693,13.306
86783,13.379
86930,13.402
87183,13.352
87199,13.417
87683,13.419
88683,13.636
89683,13.486
91683,13.542
92130,13.574
92131,13.351
92140,13.442
92199,13.548
92230,13.388
92630,13.36
93130,13.493
93683,13.461
94130,13.507
94339,13.477
94981,13.579
94982,13.572
94991,13.573
95081,13.564
95130,13.465
95481,13.5
95981,13.393
96683,13.552
96981,13.551
97130,13.565
97920,13.609
97921,13.447
97930,13.618
97981,13.443
98020,13.539
98420,13.622
98920,13.409
99130,13.556
99920,13.533
99981,13.706
1e+05,13.534
1e+05,13.552
1e+05,13.536
1e+05,13.544
1e+05,13.55
1e+05,13.431
1e+05,13.497
1e+05,13.542
1e+05,13.47
1e+05,13.534
1e+05,13.527
1e+05,13.567
1e+05,13.606
1e+05,13.683
1e+05,13.63
1e+05,13.442
1e+05,13.333
1e+05,13.428
1e+05,13.545
1e+05,13.527
1e+05,13.472
1e+05,13.539
1e+05,13.498
1e+05,13.603
1e+05,13.468
1e+05,13.65
1e+05,13.67
1e+05,13.6
1e+05,13.54
1e+05,13.496
1e+05,13.452
1e+05,13.499
1e+05,13.461
1e+05,13.498
1e+05,13.584
1e+05,13.488
1e+05,13.509
1e+05,13.573
1e+05,13.475
1e+05,13.462
1e+05,13.573
1e+05,13.538
1e+05,13.493
1e+05,13.571
1e+05,13.495
1e+05,13.633
1e+05,13.53
1e+05,13.562
1e+05,13.472
1e+05,13.53
1e+05,13.593
1e+05,13.565
1e+05,13.627
1e+05,13.606
1e+05,13.699
1e+05,13.724
1e+05,13.588
1e+05,13.638
1e+05,13.621
1e+05,13.444
1e+05,13.539
1e+05,13.456
1.0001e+05,13.593
1.0001e+05,13.493
1.0001e+05,13.559
1.0001e+05,13.618
1.0001e+05,13.565
1.0001e+05,13.572
1.0001e+05,13.618
1.0001e+05,13.739
1.0001e+05,13.626
1.0001e+05,13.506
1.0001e+05,13.627
1.0001e+05,13.64
1.0001e+05,13.583
1.0001e+05,13.519
1.0001e+05,13.413
1.0001e+05,13.547
1.0001e+05,13.634
1.0001e+05,13.606
1.0001e+05,13.428
1.0001e+05,13.429
1.0001e+05,13.503
1.0001e+05,13.474
1.0002e+05,13.514
1.0002e+05,13.437
1.0002e+05,13.516
1.0002e+05,13.558
1.0002e+05,13.522
1.0002e+05,13.598
1.0003e+05,13.53
1.0003e+05,13.66
1.0003e+05,13.49
1.0003e+05,13.702
1.0003e+05,13.54
1.0004e+05,13.691
1.0004e+05,13.603
1.0004e+05,13.573
1.0004e+05,13.479
1.0004e+05,13.526
1.0004e+05,13.525
1.0005e+05,13.423
1.0005e+05,13.53
1.0005e+05,13.695
1.0005e+05,13.653
1.0006e+05,13.64
1.0006e+05,13.603
1.0006e+05,13.584
1.0007e+05,13.634
1.0007e+05,13.616
1.0007e+05,13.661
1.0007e+05,13.424
1.0008e+05,13.566
1.0008e+05,13.542
1.0008e+05,13.334
1.0009e+05,13.393
1.0009e+05,13.484
1.001e+05,13.612
1.001e+05,13.532
1.0011e+05,13.659
1.0011e+05,13.477
1.0011e+05,13.526
1.0012e+05,13.605
1.0013e+05,13.495
1.0014e+05,13.698
1.0014e+05,13.493
1.0016e+05,13.436
1.0017e+05,13.581
1.0018e+05,13.487
1.0018e+05,13.524
1.0019e+05,13.518
1.0021e+05,13.76
1.0022e+05,13.591
1.0023e+05,13.525
1.0024e+05,13.612
1.0027e+05,13.614
1.0031e+05,13.563
1.0034e+05,13.604
1.0035e+05,13.658
1.0036e+05,13.623
1.0037e+05,13.636
1.0038e+05,13.611
1.0049e+05,13.55
1.005e+05,13.588
1.0052e+05,13.596
1.0053e+05,13.634
1.0057e+05,13.623
1.006e+05,13.468
1.0062e+05,13.55
1.0066e+05,13.518
1.0077e+05,13.515
1.0082e+05,13.48
1.0084e+05,13.486
1.0087e+05,13.614
1.0092e+05,13.755
1.0092e+05,13.558
1.0098e+05,13.671
1.0104e+05,13.675
1.0111e+05,13.624
1.0114e+05,13.542
1.0118e+05,13.555
1.0125e+05,13.531
1.0142e+05,13.646
1.0151e+05,13.709
1.0155e+05,13.497
1.016e+05,13.4
1.0168e+05,13.45
1.017e+05,13.537
1.0175e+05,13.622
1.0186e+05,13.576
1.0198e+05,13.623
1.0213e+05,13.539
1.0238e+05,13.643
1.0245e+05,13.515
1.0261e+05,13.561
1.0277e+05,13.627
1.0292e+05,13.469
1.0313e+05,13.563
1.0323e+05,13.637
1.0323e+05,13.56
1.0333e+05,13.639
1.0364e+05,13.65
1.0387e+05,13.724
1.0407e+05,13.467
1.0407e+05,13.361
1.0408e+05,13.589
1.0417e+05,13.509
1.0424e+05,13.714
1.0451e+05,13.575
1.0457e+05,13.535
1.0479e+05,13.538
1.0492e+05,13.591
1.0494e+05,13.568
1.0498e+05,13.552
1.0507e+05,13.53
1.0542e+05,13.475
1.0593e+05,13.531
1.0607e+05,13.695
1.0658e+05,13.665
1.0668e+05,13.753
1.067e+05,13.542
1.0707e+05,13.651
1.0712e+05,13.806
1.0713e+05,13.5
1.0734e+05,13.56
1.0757e+05,13.663
1.0781e+05,13.746
1.0792e+05,13.619
1.0805e+05,13.665
1.0882e+05,13.68
1.0907e+05,13.56
1.0998e+05,13.732
1.1027e+05,13.745
1.1107e+05,13.586
1.116e+05,13.841
1.1196e+05,13.763
1.12e+05,13.717
1.1213e+05,13.678
1.1271e+05,13.71
1.1292e+05,13.54
1.131e+05,13.795
1.1351e+05,13.621
1.1404e+05,13.601
1.1404e+05,13.745
1.1405e+05,13.634
1.1407e+05,13.788
1.1414e+05,13.751
1.1454e+05,13.616
1.148e+05,13.608
1.1498e+05,13.614
1.1504e+05,13.715
1.1526e+05,13.74
1.1589e+05,13.713
1.1604e+05,13.745
1.1622e+05,13.796
1.1704e+05,13.593
1.1724e+05,13.594
1.1792e+05,13.611
1.1832e+05,13.713
1.1904e+05,13.674
1.1907e+05,13.607
1.2104e+05,13.757
1.22e+05,13.708
1.222e+05,13.651
1.2338e+05,13.638
1.2404e+05,13.826
1.2407e+05,13.664
1.2485e+05,13.843
1.2562e+05,13.83
1.2641e+05,13.774
1.2723e+05,13.816
1.2894e+05,13.725
1.2904e+05,13.644
1.2984e+05,13.753
1.3076e+05,13.628
1.3171e+05,13.772
1.3269e+05,13.747
1.337e+05,13.773
1.3404e+05,13.644
1.3582e+05,13.629
1.3668e+05,13.788
1.3693e+05,13.735
1.4115e+05,13.829
1.4115e+05,13.683
1.4116e+05,13.845
1.4125e+05,13.752
1.4165e+05,13.609
1.4213e+05,13.679
1.4215e+05,13.934
1.4315e+05,13.862
1.4415e+05,13.856
1.4434e+05,13.741
1.4498e+05,13.887
1.4552e+05,13.764
1.4552e+05,13.829
1.4553e+05,13.934
1.4562e+05,13.91
1.4602e+05,13.774
1.4615e+05,13.744
1.4652e+05,13.779
1.4752e+05,13.714
1.4792e+05,13.849
1.4815e+05,13.704
1.4852e+05,13.822
1.5002e+05,13.889
1.5002e+05,13.932
1.5003e+05,13.77
1.5012e+05,13.778
1.5052e+05,13.933
1.5052e+05,13.969
1.5102e+05,13.779
1.5115e+05,13.745
1.5202e+05,13.825
1.5252e+05,13.883
1.5302e+05,13.737
1.5323e+05,13.885
1.5407e+05,13.763
1.5466e+05,13.86
1.5466e+05,13.899
1.5467e+05,13.89
1.5476e+05,13.869
1.5502e+05,14.014
1.5516e+05,13.869
1.5552e+05,13.828
1.5566e+05,13.9
1.5615e+05,13.942
1.5658e+05,13.846
1.5666e+05,13.814
1.5702e+05,14.055
1.5766e+05,13.942
1.5966e+05,13.834
1.6002e+05,14.114
1.6052e+05,14.065
1.6115e+05,13.823
1.6166e+05,14.006
1.62e+05,13.935
1.6404e+05,14.036
1.6466e+05,14.034
1.6502e+05,13.956
1.6552e+05,13.942
1.6589e+05,14.081
1.6966e+05,13.918
1.7002e+05,13.997
1.722e+05,14.101
1.7466e+05,13.997
1.8569e+05,14.168
1.8569e+05,14.063
1.857e+05,14.072
1.8579e+05,14.268
1.8619e+05,14.078
1.8668e+05,14.156
1.8669e+05,14.007
1.8769e+05,14.148
1.8869e+05,14.03
1.9069e+05,14.053
1.9115e+05,14.122
1.9213e+05,14.113
1.9269e+05,14.219
1.9498e+05,14.121
1.9552e+05,14.108
1.9569e+05,14.025
1.9736e+05,14.178
1.9736e+05,13.916
1.9737e+05,13.997
1.9746e+05,14.058
1.9786e+05,14.02
1.9792e+05,14.003
1.9836e+05,14.018
1.9936e+05,14.017
2e+05,14.084
2e+05,14.099
2e+05,14.12
2e+05,14.069
2e+05,14.108
2e+05,14.091
2e+05,14.122
2e+05,14.227
2e+05,14.169
2e+05,14.217
2e+05,14.181
2e+05,14.259
2e+05,14.052
2e+05,14.157
2e+05,14.165
2e+05,14.192
2e+05,14.149
2e+05,14.036
2e+05,14.094
2e+05,14.231
2e+05,14.179
2e+05,14.164
2e+05,14.147
2e+05,14.062
2e+05,14.09
2e+05,14.079
2e+05,14.132
2e+05,14.118
2e+05,14.122
2e+05,14.088
2e+05,14.195
2e+05,14.178
2e+05,14.097
2e+05,14.065
2e+05,14.181
2e+05,14.116
2e+05,14.061
2e+05,14.067
2e+05,14.16
2e+05,14.078
2e+05,13.982
2e+05,14.077
2e+05,14.074
2e+05,14.102
2e+05,14.117
2e+05,14.169
2e+05,14.065
2e+05,14.036
2e+05,14.149
2e+05,14.105
2e+05,14.059
2e+05,14.102
2e+05,14.281
2e+05,14.039
2e+05,13.998
2e+05,14.016
2e+05,14.034
2e+05,14.167
2e+05,14.003
2e+05,14.152
2e+05,13.993
2e+05,14.129
2.0001e+05,14.175
2.0001e+05,14.102
2.0001e+05,14.038
2.0001e+05,14.176
2.0001e+05,14.237
2.0001e+05,13.892
2.0001e+05,14.108
2.0001e+05,14.148
2.0001e+05,14.12
2.0001e+05,14.025
2.0001e+05,14.025
2.0001e+05,14.015
2.0001e+05,13.939
2.0001e+05,14.101
2.0001e+05,14.036
2.0001e+05,14.03
2.0001e+05,14.216
2.0001e+05,14.04
2.0001e+05,14.217
2.0001e+05,14.124
2.0001e+05,14.153
2.0001e+05,14.086
2.0002e+05,14.069
2.0002e+05,14.04
2.0002e+05,14.114
2.0002e+05,14.123
2.0002e+05,14.083
2.0002e+05,14.105
2.0002e+05,14.082
2.0003e+05,14.057
2.0003e+05,14.119
2.0003e+05,14.188
2.0003e+05,14.226
2.0003e+05,14.291
2.0004e+05,14.094
2.0004e+05,14.07
2.0004e+05,14.043
2.0004e+05,14.128
2.0004e+05,14.198
2.0004e+05,14.044
2.0005e+05,14.095
2.0005e+05,14.197
2.0005e+05,13.881
2.0005e+05,14.011
2.0006e+05,14.064
2.0006e+05,14.005
2.0006e+05,14.083
2.0007e+05,14.084
2.0007e+05,13.929
2.0007e+05,14.012
2.0007e+05,14.096
2.0008e+05,14.1
2.0008e+05,14.158
2.0008e+05,14.133
2.0009e+05,14.117
2.0009e+05,14.033
2.001e+05,14.185
2.001e+05,14.136
2.0011e+05,14.221
2.0011e+05,14.15
2.0011e+05,14.123
2.0012e+05,14.113
2.0013e+05,14.074
2.0014e+05,14.053
2.0014e+05,14.04
2.0016e+05,14.261
2.0017e+05,13.938
2.0018e+05,14.131
2.0018e+05,14.128
2.0019e+05,14.034
2.0021e+05,14.074
2.0022e+05,14.258
2.0023e+05,14.171
2.0024e+05,14.062
2.0027e+05,14.11
2.0031e+05,14.071
2.0034e+05,13.939
2.0035e+05,14.013
2.0036e+05,14.174
2.0036e+05,14.249
2.0037e+05,14.065
2.0038e+05,14.129
2.0049e+05,14.017
2.005e+05,14.043
2.0052e+05,14.096
2.0053e+05,14.093
2.0057e+05,14.155
2.006e+05,14.012
2.0062e+05,13.966
2.0066e+05,14.164
2.0069e+05,14.086
2.0077e+05,14.151
2.0082e+05,14.223
2.0084e+05,13.943
2.0087e+05,14.09
2.0092e+05,14.138
2.0098e+05,14.038
2.0104e+05,14.103
2.0111e+05,14.151
2.0114e+05,14.056
2.0118e+05,14.123
2.0125e+05,14.009
2.0142e+05,14.054
2.0151e+05,14.136
2.0155e+05,13.938
2.016e+05,14.092
2.017e+05,14.141
2.0175e+05,14.117
2.0186e+05,14.037
2.0236e+05,13.941
2.0238e+05,14.208
2.0245e+05,14.193
2.0261e+05,14.031
2.0277e+05,14.137
2.0313e+05,14.229
2.0323e+05,14.19
2.0333e+05,13.979
2.0346e+05,14.15
2.0346e+05,14.14
2.0347e+05,14.05
2.0356e+05,14.172
2.0364e+05,14.266
2.0387e+05,13.959
2.0396e+05,14.259
2.0407e+05,14.185
2.0424e+05,14.227
2.0436e+05,14.055
2.0446e+05,13.983
2.0451e+05,13.986
2.0466e+05,14.149
2.0479e+05,14.079
2.0494e+05,14.224
2.0542e+05,13.981
2.0546e+05,13.894
2.0569e+05,14.106
2.0593e+05,14.049
2.0646e+05,14.117
2.067e+05,14.115
2.0712e+05,14.047
2.0734e+05,14.257
2.0736e+05,14.132
2.0757e+05,14.011
2.0781e+05,14.241
2.0805e+05,14.165
2.0846e+05,14.25
2.0882e+05,14.088
2.1027e+05,14.16
2.1046e+05,14.284
2.116e+05,14.077
2.1196e+05,14.096
2.1236e+05,14.161
2.1271e+05,14.121
2.131e+05,14.222
2.1346e+05,14.133
2.1351e+05,14.277
2.1404e+05,14.027
2.148e+05,14.129
2.1526e+05,14.287
2.1622e+05,14.108
2.1625e+05,14.148
2.1625e+05,14.22
2.1626e+05,14.262
2.1635e+05,14.123
2.1675e+05,14.131
2.1724e+05,14.207
2.1725e+05,14.067
2.1736e+05,14.245
2.1825e+05,14.368
2.1832e+05,14.114
2.1846e+05,14.009
2.1925e+05,14.141
2.2125e+05,14.136
2.22e+05,14.254
2.2294e+05,14.103
2.2294e+05,14.346
2.2295e+05,13.988
2.2304e+05,14.283
2.2325e+05,14.21
2.2338e+05,14.146
2.2344e+05,14.255
2.2346e+05,14.135
2.2394e+05,14.237
2.2485e+05,14.157
2.2494e+05,14.254
2.2562e+05,14.197
2.2594e+05,14.023
2.2625e+05,14.113
2.2641e+05,14.255
2.2723e+05,14.105
2.2794e+05,14.155
2.2894e+05,14.185
2.2984e+05,14.246
2.2984e+05,14.306
2.2984e+05,14.019
2.2985e+05,14.155
2.2994e+05,14.152
2.2994e+05,14.106
2.3034e+05,14.197
2.3076e+05,14.273
2.3084e+05,14.276
2.3125e+05,14.171
2.3171e+05,14.234
2.3184e+05,14.118
2.3269e+05,14.249
2.3284e+05,14.319
2.3294e+05,14.241
2.337e+05,14.144
2.3484e+05,14.264
2.3569e+05,14.069
2.3582e+05,14.29
2.3625e+05,14.231
2.3684e+05,14.241
2.3693e+05,14.166
2.3794e+05,14.174
2.3984e+05,14.272
2.4115e+05,14.421
2.4294e+05,14.11
2.4434e+05,14.173
2.4484e+05,14.242
2.4552e+05,14.156
2.4736e+05,14.306
2.4984e+05,14.212
2.5002e+05,14.226
2.5184e+05,14.362
2.5184e+05,14.235
2.5185e+05,14.342
2.5194e+05,14.259
2.5234e+05,14.334
2.5284e+05,14.351
2.5323e+05,14.259
2.5346e+05,14.247
2.5384e+05,14.152
2.5466e+05,14.435
2.5484e+05,14.315
2.5658e+05,14.295
2.5684e+05,14.424
2.5884e+05,14.435
2.6184e+05,14.283
2.62e+05,14.349
2.6589e+05,14.371
2.6625e+05,14.45
2.6684e+05,14.382
2.7184e+05,14.392
2.722e+05,14.338
2.7294e+05,14.419
2.7595e+05,14.57
2.7595e+05,14.469
2.7596e+05,14.413
2.7605e+05,14.482
2.7645e+05,14.384
2.7695e+05,14.363
2.7795e+05,14.459
2.7895e+05,14.391
2.7984e+05,14.442
2.8095e+05,14.388
2.8295e+05,14.434
2.8569e+05,14.476
2.8595e+05,14.496
2.8668e+05,14.329
2.9095e+05,14.528
2.9213e+05,14.459
2.9498e+05,14.56
2.9595e+05,14.403
2.9736e+05,14.418
2.9792e+05,14.406
3.0184e+05,14.41
3.0346e+05,14.444
3.0407e+05,14.406
3.1172e+05,14.405
3.1172e+05,14.396
3.1173e+05,14.656
3.1182e+05,14.498
3.1222e+05,14.387
3.1272e+05,14.422
3.1372e+05,14.354
3.1404e+05,14.613
3.1472e+05,14.494
3.1625e+05,14.541
3.1672e+05,14.534
3.1872e+05,14.676
3.2136e+05,14.435
3.2136e+05,14.669
3.2137e+05,14.41
3.2146e+05,14.653
3.2172e+05,14.494
3.2186e+05,14.482
3.2236e+05,14.494
3.2294e+05,14.606
3.2336e+05,14.442
3.2436e+05,14.484
3.2595e+05,14.418
3.2636e+05,14.635
3.2672e+05,14.552
3.2836e+05,14.521
3.2984e+05,14.572
3.313e+05,14.603
3.3131e+05,14.502
3.3131e+05,14.584
3.3136e+05,14.495
3.314e+05,14.602
3.3172e+05,14.569
3.318e+05,14.441
3.323e+05,14.406
3.333e+05,14.378
3.343e+05,14.582
3.363e+05,14.47
3.3636e+05,14.55
3.383e+05,14.473
3.4115e+05,14.47
3.413e+05,14.55
3.4136e+05,14.599
3.4156e+05,14.638
3.4156e+05,14.497
3.4157e+05,14.601
3.4166e+05,14.633
3.4206e+05,14.632
3.4256e+05,14.471
3.4356e+05,14.749
3.4456e+05,14.627
3.4552e+05,14.667
3.463e+05,14.549
3.4656e+05,14.611
3.4856e+05,14.402
3.5002e+05,14.636
3.513e+05,14.707
3.5156e+05,14.605
3.5184e+05,14.663
3.5212e+05,14.616
3.5212e+05,14.534
3.5213e+05,14.637
3.5222e+05,14.608
3.5262e+05,14.783
3.5312e+05,14.531
3.5412e+05,14.649
3.5466e+05,14.594
3.5512e+05,14.558
3.5656e+05,14.651
3.5712e+05,14.555
3.5912e+05,14.61
3.6156e+05,14.545
3.6172e+05,14.428
3.6212e+05,14.769
3.6302e+05,14.422
3.6302e+05,14.572
3.6303e+05,14.661
3.6312e+05,14.532
3.6352e+05,14.409
3.6402e+05,14.536
3.6502e+05,14.467
3.6602e+05,14.731
3.6712e+05,14.513
3.6802e+05,14.441
3.7002e+05,14.564
3.7136e+05,14.694
3.7212e+05,14.59
3.7302e+05,14.623
3.7425e+05,14.622
3.7425e+05,14.665
3.7426e+05,14.448
3.7435e+05,14.706
3.7475e+05,14.526
3.7525e+05,14.721
3.7595e+05,14.673
3.7625e+05,14.587
3.7725e+05,14.825
3.7802e+05,14.554
3.7925e+05,14.631
3.8125e+05,14.603
3.813e+05,14.782
3.8302e+05,14.704
3.8425e+05,14.533
3.8569e+05,14.637
3.8925e+05,14.57
3.9156e+05,14.611
3.9425e+05,14.757
3.9736e+05,14.614
4e+05,14.533
4e+05,14.445
4e+05,14.5
4e+05,14.499
4e+05,14.412
4e+05,14.544
4e+05,14.522
4e+05,14.629
4e+05,14.628
4e+05,14.601
4e+05,14.574
4e+05,14.494
4e+05,14.485
4e+05,14.483
4e+05,14.619
4e+05,14.586
4e+05,14.742
4e+05,14.587
4e+05,14.551
4e+05,14.574
4e+05,14.474
4e+05,14.423
4e+05,14.433
4e+05,14.667
4e+05,14.667
4e+05,14.566
4e+05,14.644
4e+05,14.735
4e+05,14.775
4e+05,14.653
4e+05,14.615
4e+05,14.616
4e+05,14.597
4e+05,14.455
4e+05,14.502
4e+05,14.66
4e+05,14.575
4e+05,14.677
4e+05,14.652
4e+05,14.611
4e+05,14.838
4e+05,14.597
4e+05,14.632
4e+05,14.567
4e+05,14.54
4e+05,14.485
4e+05,14.565
4e+05,14.605
4e+05,14.612
4e+05,14.623
4e+05,14.707
4e+05,14.652
4e+05,14.575
4e+05,14.637
4e+05,14.779
4e+05,14.632
4e+05,14.673
4e+05,14.708
4e+05,14.861
4e+05,14.65
4e+05,14.711
4e+05,14.72
4.0001e+05,14.818
4.0001e+05,14.578
4.0001e+05,14.634
4.0001e+05,14.745
4.0001e+05,14.518
4.0001e+05,14.616
4.0001e+05,14.794
4.0001e+05,14.737
4.0001e+05,14.588
4.0001e+05,14.722
4.0001e+05,14.591
4.0001e+05,14.647
4.0001e+05,14.53
4.0001e+05,14.503
4.0001e+05,14.687
4.0001e+05,14.805
4.0001e+05,14.646
4.0001e+05,14.63
4.0001e+05,14.598
4.0001e+05,14.62
4.0001e+05,14.636
4.0001e+05,14.605
4.0002e+05,14.699
4.0002e+05,14.583
4.0002e+05,14.728
4.0002e+05,14.687
4.0002e+05,14.715
4.0002e+05,14.349
4.0003e+05,14.746
4.0003e+05,14.613
4.0003e+05,14.668
4.0003e+05,14.674
4.0003e+05,14.61
4.0004e+05,14.462
4.0004e+05,14.492
4.0004e+05,14.652
4.0004e+05,14.68
4.0004e+05,14.743
4.0004e+05,14.747
4.0005e+05,14.537
4.0005e+05,14.716
4.0005e+05,14.675
4.0005e+05,14.765
4.0006e+05,14.645
4.0006e+05,14.631
4.0006e+05,14.712
4.0007e+05,14.585
4.0007e+05,14.67
4.0007e+05,14.812
4.0007e+05,14.769
4.0008e+05,14.596
4.0008e+05,14.654
4.0008e+05,14.43
4.0009e+05,14.637
4.0009e+05,14.457
4.001e+05,14.674
4.001e+05,14.593
4.0011e+05,14.762
4.0011e+05,14.755
4.0011e+05,14.651
4.0012e+05,14.624
4.0013e+05,14.529
4.0014e+05,14.592
4.0014e+05,14.573
4.0016e+05,14.57
4.0017e+05,14.63
4.0018e+05,14.684
4.0018e+05,14.64
4.0019e+05,14.679
4.0021e+05,14.414
4.0022e+05,14.661
4.0023e+05,14.571
4.0024e+05,14.616
4.0027e+05,14.751
4.0031e+05,14.637
4.0034e+05,14.664
4.0035e+05,14.68
4.0036e+05,14.724
4.0037e+05,14.739
4.0038e+05,14.728
4.0049e+05,14.574
4.005e+05,14.546
4.0052e+05,14.553
4.0053e+05,14.696
4.0057e+05,14.674
4.006e+05,14.738
4.0062e+05,14.775
4.0066e+05,14.666
4.0077e+05,14.513
4.0082e+05,14.739
4.0084e+05,14.618
4.0087e+05,14.692
4.0092e+05,14.779
4.0098e+05,14.664
4.0104e+05,14.734
4.0111e+05,14.585
4.0114e+05,14.663
4.0118e+05,14.488
4.0125e+05,14.605
4.0142e+05,14.738
4.0151e+05,14.624
4.0155e+05,14.617
4.016e+05,14.779
4.017e+05,14.585
4.0175e+05,14.677
4.0186e+05,14.6
4.0212e+05,14.44
4.0238e+05,14.599
4.0245e+05,14.656
4.0261e+05,14.631
4.0277e+05,14.692
4.0313e+05,14.662
4.0323e+05,14.617
4.0333e+05,14.719
4.0346e+05,14.59
4.0364e+05,14.728
4.0387e+05,14.66
4.0424e+05,14.992
4.0451e+05,14.581
4.0479e+05,14.645
4.0494e+05,14.803
4.0542e+05,14.746
4.0593e+05,14.512
4.067e+05,14.618
4.0712e+05,14.713
4.0734e+05,14.866
4.0757e+05,14.725
4.0781e+05,14.595
4.0805e+05,14.729
4.0882e+05,14.546
4.1027e+05,14.681
4.116e+05,14.566
4.1172e+05,14.515
4.1196e+05,14.676
4.1271e+05,14.688
4.1302e+05,14.724
4.131e+05,14.641
4.1351e+05,14.856
4.148e+05,14.72
4.1526e+05,14.674
4.1622e+05,14.81
4.1625e+05,14.711
4.1724e+05,14.668
4.1832e+05,14.721
4.2136e+05,14.619
4.22e+05,14.791
4.2294e+05,14.646
4.2338e+05,14.667
4.2425e+05,14.689
4.2485e+05,14.599
4.2562e+05,14.826
4.2641e+05,14.612
4.2723e+05,14.772
4.2894e+05,14.664
4.2984e+05,14.74
4.2984e+05,14.608
4.3076e+05,14.725
4.313e+05,14.583
4.3171e+05,14.808
4.3269e+05,14.562
4.337e+05,14.532
4.3582e+05,14.698
4.3693e+05,14.636
4.4156e+05,14.68
4.4434e+05,14.721
4.4933e+05,14.669
4.4933e+05,14.765
4.4934e+05,14.698
4.4943e+05,14.622
4.4983e+05,14.783
4.5033e+05,14.795
4.5133e+05,14.657
4.5184e+05,14.611
4.5212e+05,14.685
4.5233e+05,14.724
4.5323e+05,14.817
4.5433e+05,14.749
4.5633e+05,14.745
4.5658e+05,14.883
4.5933e+05,14.679
4.62e+05,14.701
4.6302e+05,14.869
4.6433e+05,14.762
4.6589e+05,14.885
4.6933e+05,14.791
4.722e+05,14.743
4.7425e+05,14.759
4.7595e+05,14.782
4.8668e+05,14.758
4.9213e+05,14.873
4.9234e+05,14.775
4.9235e+05,14.699
4.9235e+05,14.891
4.9244e+05,14.763
4.9284e+05,14.832
4.9334e+05,14.871
4.9434e+05,14.809
4.9498e+05,14.935
4.9534e+05,14.748
4.9734e+05,14.677
4.9792e+05,14.796
4.9933e+05,14.942
4.9934e+05,14.835
5.0234e+05,14.865
5.0407e+05,14.699
5.0734e+05,14.645
5.0758e+05,14.81
5.0758e+05,14.926
5.0759e+05,14.865
5.0768e+05,14.943
5.0808e+05,14.675
5.0858e+05,14.891
5.0958e+05,15.011
5.1058e+05,14.566
5.1172e+05,14.8
5.1234e+05,14.832
5.1258e+05,14.794
5.1404e+05,14.887
5.1458e+05,14.87
5.1758e+05,14.95
5.2136e+05,14.961
5.2258e+05,14.868
5.2328e+05,14.805
5.2328e+05,14.897
5.2329e+05,14.955
5.2338e+05,15.036
5.2378e+05,14.945
5.2428e+05,14.712
5.2528e+05,14.804
5.2628e+05,14.99
5.2758e+05,14.805
5.2828e+05,14.766
5.3028e+05,14.882
5.313e+05,14.92
5.3328e+05,14.796
5.3828e+05,14.864
5.3947e+05,14.824
5.3948e+05,14.835
5.3948e+05,14.981
5.3957e+05,14.865
5.3997e+05,14.882
5.4047e+05,14.979
5.4115e+05,14.943
5.4147e+05,14.958
5.4156e+05,14.871
5.4234e+05,14.818
5.4247e+05,14.944
5.4328e+05,15.148
5.4447e+05,14.917
5.4552e+05,14.986
5.4647e+05,14.947
5.4933e+05,15.087
5.4947e+05,15.029
5.5002e+05,14.874
5.5212e+05,14.997
5.5447e+05,15.047
5.5466e+05,14.925
5.5758e+05,14.964
5.5947e+05,15.138
5.6302e+05,14.882
5.7328e+05,14.834
5.7337e+05,14.882
5.7338e+05,15.041
5.7338e+05,15.105
5.7347e+05,14.95
5.7387e+05,14.964
5.7425e+05,14.762
5.7437e+05,15.257
5.7537e+05,14.916
5.7637e+05,14.841
5.7837e+05,14.951
5.8037e+05,14.878
5.8337e+05,14.937
5.8569e+05,14.825
5.8837e+05,14.788
5.8947e+05,14.903
5.9112e+05,14.938
5.9112e+05,15.012
5.9113e+05,15.011
5.9122e+05,14.95
5.9162e+05,14.905
5.9212e+05,14.923
5.9234e+05,14.961
5.9312e+05,14.984
5.9337e+05,14.995
5.9412e+05,14.99
5.9612e+05,15.017
5.9736e+05,14.798
5.9812e+05,14.68
6e+05,14.867
6e+05,14.899
6e+05,14.903
6e+05,14.981
6e+05,15.086
6e+05,15.058
6e+05,15.098
6e+05,15.153
6e+05,14.976
6e+05,14.947
6e+05,15.01
6e+05,14.98
6e+05,15.036
6e+05,15.062
6e+05,14.98
6e+05,15.004
6e+05,15.046
6e+05,15.135
6e+05,14.932
6e+05,15.021
6e+05,15.031
6e+05,14.905
6e+05,14.943
6e+05,15.022
6e+05,14.993
6e+05,14.89
6e+05,14.813
6e+05,14.854
6e+05,14.807
6e+05,15.023
6e+05,14.847
6e+05,14.795
6e+05,14.808
6e+05,14.994
6e+05,14.979
6e+05,14.874
6e+05,14.915
6e+05,14.936
6e+05,14.846
6e+05,14.78
6e+05,14.912
6e+05,15.167
6e+05,14.956
6e+05,14.796
6e+05,14.956
6e+05,14.958
6e+05,14.758
6e+05,14.832
6e+05,14.987
6e+05,14.988
6e+05,14.914
6e+05,14.958
6e+05,14.894
6e+05,14.785
6e+05,14.855
6e+05,14.891
6e+05,15.039
6e+05,14.919
6e+05,14.928
6e+05,14.93
6e+05,14.931
6e+05,14.835
6.0001e+05,15.028
6.0001e+05,15.028
6.0001e+05,14.896
6.0001e+05,14.912
6.0001e+05,14.994
6.0001e+05,15.033
6.0001e+05,15.052
6.0001e+05,15.02
6.0001e+05,15.07
6.0001e+05,14.93
6.0001e+05,14.983
6.0001e+05,14.849
6.0001e+05,14.825
6.0001e+05,15.082
6.0001e+05,14.972
6.0001e+05,15.191
6.0001e+05,14.986
6.0001e+05,14.925
6.0001e+05,14.873
6.0001e+05,14.94
6.0001e+05,14.833
6.0001e+05,14.791
6.0002e+05,14.947
6.0002e+05,14.971
6.0002e+05,14.956
6.0002e+05,14.799
6.0002e+05,15.098
6.0002e+05,14.918
6.0003e+05,14.864
6.0003e+05,14.917
6.0003e+05,14.993
6.0003e+05,14.921
6.0003e+05,14.999
6.0004e+05,14.834
6.0004e+05,14.974
6.0004e+05,14.803
6.0004e+05,14.97
6.0004e+05,15.017
6.0004e+05,14.86
6.0005e+05,15.078
6.0005e+05,14.788
6.0005e+05,14.957
6.0005e+05,14.951
6.0006e+05,14.906
6.0006e+05,14.975
6.0006e+05,14.962
6.0007e+05,14.981
6.0007e+05,14.875
6.0007e+05,14.974
6.0007e+05,14.944
6.0008e+05,14.737
6.0008e+05,14.952
6.0008e+05,14.877
6.0009e+05,14.902
6.0009e+05,14.992
6.001e+05,14.831
6.001e+05,15.01
6.0011e+05,14.95
6.0011e+05,14.982
6.0011e+05,14.781
6.0012e+05,15.037
6.0013e+05,15.176
6.0014e+05,14.96
6.0014e+05,14.99
6.0016e+05,15.07
6.0017e+05,14.852
6.0018e+05,14.77
6.0018e+05,15.048
6.0019e+05,15.071
6.0021e+05,15.001
6.0022e+05,14.816
6.0023e+05,15.014
6.0024e+05,14.984
6.0027e+05,14.932
6.0031e+05,14.881
6.0034e+05,14.816
6.0035e+05,14.74
6.0036e+05,14.869
6.0037e+05,15.044
6.0038e+05,14.702
6.0049e+05,14.966
6.005e+05,15.096
6.0052e+05,14.837
6.0053e+05,14.888
6.0057e+05,14.907
6.006e+05,14.896
6.0062e+05,14.85
6.0066e+05,14.932
6.0077e+05,14.944
6.0082e+05,14.929
6.0084e+05,14.903
6.0087e+05,14.897
6.0092e+05,15.089
6.0098e+05,14.941
6.0104e+05,14.869
6.0111e+05,14.837
6.0112e+05,14.811
6.0114e+05,14.877
6.0118e+05,15.026
6.0125e+05,14.736
6.0142e+05,14.89
6.0151e+05,14.867
6.0155e+05,14.847
6.016e+05,14.929
6.017e+05,14.932
6.0175e+05,14.871
6.0186e+05,14.81
6.0238e+05,14.881
6.0245e+05,14.896
6.0261e+05,14.813
6.0277e+05,14.939
6.0313e+05,15.038
6.0323e+05,14.825
6.0333e+05,15.058
6.0346e+05,14.879
6.0364e+05,14.89
6.0387e+05,15.005
6.0424e+05,15.011
6.0451e+05,14.85
6.0479e+05,14.927
6.0494e+05,14.947
6.0542e+05,15.042
6.0593e+05,14.882
6.0612e+05,15.005
6.067e+05,14.746
6.0712e+05,14.903
6.0734e+05,14.854
6.0757e+05,14.985
6.0758e+05,14.967
6.0781e+05,14.895
6.0805e+05,14.899
6.0882e+05,15.029
6.1027e+05,15.137
6.1112e+05,14.863
6.116e+05,14.907
6.1196e+05,15.036
6.1271e+05,14.731
6.131e+05,15.092
6.1351e+05,14.759
6.148e+05,15.05
6.1526e+05,14.835
6.1622e+05,14.917
6.1625e+05,14.998
6.1724e+05,15.026
6.1832e+05,14.868
6.22e+05,14.929
6.2294e+05,14.978
6.2328e+05,15.113
6.2337e+05,14.947
6.2338e+05,15.072
6.2485e+05,14.857
6.2562e+05,14.8
6.2641e+05,14.92
6.2723e+05,15.045
6.2894e+05,14.905
6.2984e+05,15.218
6.2984e+05,15.006
6.3076e+05,15.053
6.3171e+05,15.089
6.3269e+05,14.866
6.337e+05,14.808
6.3582e+05,15.08
6.3693e+05,14.927
6.3947e+05,14.876
6.4112e+05,15.011
6.4434e+05,14.763
6.477e+05,15.061
6.477e+05,15.011
6.4771e+05,14.959
6.478e+05,15.096
6.482e+05,14.752
6.487e+05,14.874
6.4933e+05,15.022
6.497e+05,15.075
6.507e+05,15.084
6.5184e+05,15.122
6.527e+05,14.93
6.5323e+05,15.144
6.547e+05,15.032
6.5658e+05,14.999
6.577e+05,14.841
6.62e+05,15.185
6.627e+05,14.853
6.6589e+05,15.154
6.677e+05,15.022
6.722e+05,14.801
6.7337e+05,15.168
6.7595e+05,14.812
6.8668e+05,15.079
6.884e+05,15.107
6.884e+05,14.947
6.8841e+05,15.027
6.885e+05,14.843
6.889e+05,15.218
6.894e+05,15.143
6.904e+05,15.036
6.9112e+05,15.124
6.914e+05,14.919
6.9213e+05,14.956
6.9234e+05,14.999
6.934e+05,15.097
6.9498e+05,14.928
6.954e+05,15.07
6.977e+05,15.133
6.9792e+05,15.062
6.984e+05,14.882
7.034e+05,14.962
7.0407e+05,14.953
7.0758e+05,14.958
7.084e+05,15.079
7.1172e+05,15.268
7.1404e+05,14.982
7.2136e+05,15.052
7.2328e+05,15.161
7.313e+05,15.05
7.3166e+05,15.083
7.3166e+05,15.006
7.3167e+05,15.042
7.3176e+05,14.952
7.3216e+05,15.046
7.3266e+05,14.956
7.3366e+05,15.099
7.3466e+05,14.99
7.3666e+05,15.225
7.384e+05,15.061
7.3866e+05,15.074
7.3947e+05,15.037
7.4115e+05,15.281
7.4156e+05,15.047
7.4166e+05,15.205
7.4552e+05,15.061
7.4666e+05,15.037
7.477e+05,14.952
7.5002e+05,14.848
7.5166e+05,15.049
7.5212e+05,15.06
7.543e+05,15.024
7.543e+05,15.017
7.5431e+05,14.949
7.544e+05,15.008
7.5466e+05,15.236
7.548e+05,14.876
7.553e+05,14.886
7.563e+05,15.233
7.573e+05,14.935
7.593e+05,15.043
7.613e+05,14.996
7.6302e+05,15.184
7.643e+05,14.948
7.693e+05,14.824
7.7337e+05,15.178
7.7425e+05,15.039
7.743e+05,14.769
7.8166e+05,15.192
7.8569e+05,14.905
7.884e+05,14.979
7.9112e+05,14.95
7.9736e+05,15.122
8e+05,15.059
8e+05,14.934
8e+05,14.903
8e+05,15.001
8e+05,14.899
8e+05,15.079
8e+05,15.026
8e+05,14.998
8e+05,14.986
8e+05,15.016
8e+05,15.04
8e+05,14.981
8e+05,15.086
8e+05,14.965
8e+05,14.866
8e+05,15.004
8e+05,14.993
8e+05,15.035
8e+05,15.061
8e+05,14.974
8e+05,15.058
8e+05,15.131
8e+05,15.135
8e+05,15.06
8e+05,14.935
8e+05,14.958
8e+05,15.015
8e+05,15.079
8e+05,14.942
8e+05,14.911
8e+05,14.824
8e+05,14.891
8e+05,15.053
8e+05,14.854
8e+05,15.001
8e+05,15.234
8e+05,15.07
8e+05,15.049
8e+05,15.016
8e+05,14.976
8e+05,14.998
8e+05,15.143
8e+05,15.08
8e+05,15.059
8e+05,15.105
8e+05,15.049
8e+05,14.965
8e+05,15.035
8e+05,15.091
8e+05,15.001
8e+05,15.037
8e+05,15.234
8e+05,15.124
8e+05,15.029
8e+05,14.942
8e+05,15.052
8e+05,15.022
8e+05,15.137
8e+05,15.108
8e+05,15.042
8e+05,14.932
8e+05,14.946
8.0001e+05,14.954
8.0001e+05,14.998
8.0001e+05,15.047
8.0001e+05,14.812
8.0001e+05,15.125
8.0001e+05,15.019
8.0001e+05,14.875
8.0001e+05,14.878
8.0001e+05,14.976
8.0001e+05,14.926
8.0001e+05,15.04
8.0001e+05,15.027
8.0001e+05,15.007
8.0001e+05,15.015
8.0001e+05,15.107
8.0001e+05,15.116
8.0001e+05,14.955
8.0001e+05,14.781
8.0001e+05,15.122
8.0001e+05,14.891
8.0001e+05,15.06
8.0001e+05,15.304
8.0002e+05,15.057
8.0002e+05,14.941
8.0002e+05,15.042
8.0002e+05,15.082
8.0002e+05,15.043
8.0002e+05,14.833
8.0003e+05,14.986
8.0003e+05,15.168
8.0003e+05,14.852
8.0003e+05,15.056
8.0003e+05,14.939
8.0004e+05,14.825
8.0004e+05,15.141
8.0004e+05,15.182
8.0004e+05,14.908
8.0004e+05,15.083
8.0004e+05,14.997
8.0005e+05,15.043
8.0005e+05,15.136
8.0005e+05,15.147
8.0005e+05,15.123
8.0006e+05,15.011
8.0006e+05,15.064
8.0006e+05,15.119
8.0007e+05,15.099
8.0007e+05,15.051
8.0007e+05,15.061
8.0007e+05,14.887
8.0008e+05,14.941
8.0008e+05,15.157
8.0008e+05,15.067
8.0009e+05,15.017
8.0009e+05,15.051
8.001e+05,15.199
8.001e+05,15.236
8.0011e+05,14.865
8.0011e+05,14.896
8.0011e+05,15.052
8.0012e+05,14.814
8.0013e+05,14.94
8.0014e+05,14.917
8.0014e+05,15.02
8.0016e+05,15.143
8.0017e+05,15.092
8.0018e+05,15.087
8.0018e+05,14.895
8.0019e+05,15.17
8.0021e+05,15.103
8.0022e+05,15.02
8.0023e+05,15.082
8.0024e+05,15.139
8.0027e+05,14.977
8.0031e+05,14.939
8.0034e+05,15.11
8.0035e+05,15.034
8.0036e+05,14.868
8.0037e+05,14.994
8.0038e+05,14.826
8.0049e+05,15.088
8.005e+05,15.036
8.0052e+05,14.995
8.0053e+05,14.96
8.0057e+05,15.023
8.006e+05,15.032
8.0062e+05,14.979
8.0066e+05,15.06
8.0077e+05,14.984
8.0082e+05,15.033
8.0084e+05,14.973
8.0087e+05,15.088
8.0092e+05,15.075
8.0098e+05,14.997
8.0104e+05,14.918
8.0111e+05,14.967
8.0114e+05,14.983
8.0118e+05,14.98
8.0125e+05,15.055
8.0142e+05,15.025
8.0151e+05,15.023
8.0155e+05,15.013
8.016e+05,15.039
8.017e+05,15.004
8.017e+05,15.047
8.017e+05,15.172
8.0171e+05,14.986
8.0175e+05,15.055
8.018e+05,15.117
8.0186e+05,15.003
8.022e+05,15.018
8.0238e+05,15.001
8.0245e+05,15.22
8.0261e+05,14.976
8.027e+05,15.025
8.0277e+05,15.05
8.0313e+05,14.955
8.0323e+05,14.833
8.0333e+05,14.865
8.0346e+05,15.099
8.0364e+05,14.985
8.037e+05,15.03
8.0387e+05,15.187
8.0424e+05,15.299
8.043e+05,15.112
8.0451e+05,15.086
8.047e+05,15.007
8.0479e+05,15.035
8.0494e+05,15.183
8.0542e+05,14.869
8.0593e+05,15.168
8.067e+05,15.12
8.067e+05,15.03
8.0712e+05,14.936
8.0734e+05,15.008
8.0757e+05,15.022
8.0781e+05,14.808
8.0805e+05,14.949
8.087e+05,15.153
8.0882e+05,14.873
8.1027e+05,15.034
8.116e+05,15.191
8.117e+05,14.956
8.1196e+05,14.988
8.1271e+05,15.138
8.131e+05,15.001
8.1351e+05,15.041
8.148e+05,15.139
8.1526e+05,14.921
8.1622e+05,15.266
8.1625e+05,15.11
8.167e+05,14.839
8.1724e+05,14.964
8.1832e+05,14.918
8.217e+05,15.024
8.22e+05,15.024
8.2294e+05,14.917
8.2338e+05,14.992
8.2485e+05,14.933
8.2562e+05,14.992
8.2641e+05,14.895
8.2651e+05,14.957
8.2651e+05,15.193
8.2652e+05,15.101
8.2661e+05,15.048
8.2701e+05,15.042
8.2723e+05,15.013
8.2751e+05,15.058
8.2851e+05,15.218
8.2894e+05,15.105
8.2951e+05,15.224
8.2984e+05,14.941
8.2984e+05,15.224
8.3076e+05,15.104
8.3151e+05,14.901
8.3166e+05,15.169
8.3171e+05,15.205
8.3269e+05,14.924
8.3351e+05,15.003
8.337e+05,14.974
8.3582e+05,15.093
8.3651e+05,15.031
8.3693e+05,15.014
8.4151e+05,15.258
8.4434e+05,15.195
8.4651e+05,14.988
8.477e+05,14.936
8.4933e+05,15.043
8.517e+05,15.038
8.5184e+05,14.967
8.5323e+05,15.119
8.543e+05,14.964
8.5658e+05,15.06
8.62e+05,15.277
8.6589e+05,14.945
8.722e+05,15.152
8.7595e+05,15.156
8.7651e+05,15.056
8.7844e+05,15.26
8.7844e+05,15.222
8.7845e+05,15.093
8.7854e+05,15.075
8.7894e+05,15.268
8.7944e+05,15.182
8.8044e+05,14.965
8.8144e+05,15.152
8.8344e+05,14.974
8.8544e+05,15.072
8.8668e+05,15.158
8.884e+05,15.241
8.8844e+05,15.193
8.9213e+05,15.32
8.9234e+05,15.241
8.9344e+05,15.14
8.9498e+05,15.267
8.9792e+05,15.223
8.9844e+05,15.066
9.017e+05,15.035
9.0407e+05,15.071
9.0758e+05,15.072
9.1172e+05,14.923
9.1404e+05,15.109
9.2136e+05,15.296
9.2328e+05,15.07
9.2651e+05,15.222
9.2844e+05,15.193
9.313e+05,15.203
9.3166e+05,15.125
9.3364e+05,15.109
9.3365e+05,15.255
9.3365e+05,15.239
9.3374e+05,15.167
9.3414e+05,15.195
9.3464e+05,15.114
9.3564e+05,15.191
9.3664e+05,15.187
9.3864e+05,15.276
9.3947e+05,15.134
9.4064e+05,15.159
9.4115e+05,15.263
9.4156e+05,15.217
9.4364e+05,15.232
9.4552e+05,15.182
9.4864e+05,15.024
9.5002e+05,15.089
9.5212e+05,15.189
9.5364e+05,15.094
9.543e+05,15.364
9.5466e+05,15.125
9.6302e+05,15.198
9.7337e+05,15.048
9.7425e+05,15.301
9.7844e+05,15.091
9.8364e+05,15.196
9.8569e+05,14.972
9.9112e+05,15.115
9.9736e+05,15.168
1.0017e+06,15.312
1.0035e+06,15.118
1.0162e+06,15.315
1.0229e+06,15.175
1.0265e+06,15.304
1.0298e+06,15.297
1.0336e+06,15.13
1.0477e+06,15.18
1.0493e+06,15.19
1.0518e+06,15.453
1.0759e+06,15.126
1.0784e+06,15.311
1.0873e+06,15.206
1.0873e+06,15.18
1.0873e+06,15.234
1.0874e+06,15.118
1.0878e+06,15.251
1.0883e+06,15.235
1.0884e+06,15.202
1.0893e+06,15.203
1.0903e+06,15.383
1.0923e+06,15.245
1.0923e+06,15.229
1.0943e+06,15.27
1.0973e+06,15.193
1.1023e+06,15.195
1.1073e+06,15.177
1.1076e+06,15.264
1.1117e+06,15.276
1.1209e+06,15.13
1.1209e+06,15.204
1.121e+06,15.264
1.121e+06,15.327
1.1214e+06,15.223
1.1214e+06,15.292
1.1219e+06,15.306
1.1229e+06,15.168
1.1233e+06,15.321
1.1239e+06,15.213
1.1259e+06,15.208
1.1279e+06,15.098
1.1309e+06,15.254
1.1313e+06,15.339
1.1317e+06,15.214
1.1336e+06,15.28
1.1359e+06,15.435
1.1373e+06,15.309
1.1395e+06,15.259
1.1409e+06,15.088
1.1416e+06,15.147
1.1521e+06,15.083
1.1543e+06,15.161
1.163e+06,15.218
1.1709e+06,15.163
1.1734e+06,15.304
1.1743e+06,15.119
1.1873e+06,15.364
1.1911e+06,15.305
1.2017e+06,15.376
1.2209e+06,15.134
1.2265e+06,15.351
1.2477e+06,15.348
1.2493e+06,15.364
1.2784e+06,15.164
1.2873e+06,15.202
1.2884e+06,15.342
1.2923e+06,15.353
1.3054e+06,15.46
1.3054e+06,15.188
1.3054e+06,15.145
1.3055e+06,15.36
1.3059e+06,15.395
1.3064e+06,15.228
1.3074e+06,15.266
1.3076e+06,15.288
1.3084e+06,15.164
1.3104e+06,15.237
1.3124e+06,15.404
1.3154e+06,15.242
1.3204e+06,15.192
1.3209e+06,15.179
1.3233e+06,15.483
1.3254e+06,15.331
1.3317e+06,15.379
1.3336e+06,15.276
1.3395e+06,15.225
1.3458e+06,15.223
1.3458e+06,15.255
1.3458e+06,15.38
1.3459e+06,15.336
1.3463e+06,15.417
1.3468e+06,15.277
1.3478e+06,15.375
1.3488e+06,15.546
1.3508e+06,15.385
1.3528e+06,15.214
1.3543e+06,15.375
1.3554e+06,15.399
1.3558e+06,15.33
1.3608e+06,15.425
1.3658e+06,15.372
1.3734e+06,15.404
1.3911e+06,15.451
1.3958e+06,15.441
1.4017e+06,15.519
1.4054e+06,15.344
1.4265e+06,15.393
1.4304e+06,15.443
1.4304e+06,15.36
1.4304e+06,15.259
1.4305e+06,15.28
1.4309e+06,15.47
1.4314e+06,15.404
1.4324e+06,15.568
1.4334e+06,15.644
1.4354e+06,15.369
1.4374e+06,15.269
1.4404e+06,15.349
1.4454e+06,15.278
1.4458e+06,15.314
1.4477e+06,15.287
1.4504e+06,15.523
1.4747e+06,15.317
1.4747e+06,15.255
1.4747e+06,15.591
1.4748e+06,15.477
1.4752e+06,15.424
1.4757e+06,15.546
1.4767e+06,15.4
1.4777e+06,15.371
1.4784e+06,15.547
1.4797e+06,15.185
1.4804e+06,15.332
1.4817e+06,15.399
1.4847e+06,15.661
1.4873e+06,15.522
1.4884e+06,15.465
1.4897e+06,15.562
1.4947e+06,15.233
1.5054e+06,15.462
1.5209e+06,15.403
1.5247e+06,15.516
1.5304e+06,15.347
1.5317e+06,15.488
1.5336e+06,15.603
1.5458e+06,15.431
1.5543e+06,15.526
1.5673e+06,15.52
1.5673e+06,15.541
1.5673e+06,15.659
1.5674e+06,15.43
1.5678e+06,15.403
1.5683e+06,15.637
1.5693e+06,15.34
1.5703e+06,15.488
1.5723e+06,15.384
1.5743e+06,15.492
1.5747e+06,15.559
1.5773e+06,15.627
1.5823e+06,15.491
1.5873e+06,15.588
1.6017e+06,15.446
1.6158e+06,15.236
1.6158e+06,15.475
1.6158e+06,15.533
1.6159e+06,15.686
1.6163e+06,15.704
1.6168e+06,15.403
1.6173e+06,15.381
1.6178e+06,15.461
1.6188e+06,15.63
1.6208e+06,15.459
1.6228e+06,15.424
1.6258e+06,15.744
1.6265e+06,15.608
1.6304e+06,15.703
1.6308e+06,15.625
1.6358e+06,15.602
1.6658e+06,15.64
1.6658e+06,15.743
1.6658e+06,15.502
1.6658e+06,15.579
1.6659e+06,15.57
1.6663e+06,15.575
1.6668e+06,15.474
1.6673e+06,15.425
1.6678e+06,15.517
1.6688e+06,15.743
1.6708e+06,15.453
1.6728e+06,15.544
1.6747e+06,15.422
1.6758e+06,15.575
1.6784e+06,15.831
1.6808e+06,15.63
1.6858e+06,15.36
1.6873e+06,15.415
1.7054e+06,15.512
1.7158e+06,15.568
1.7158e+06,15.623
1.7209e+06,15.627
1.7336e+06,15.574
1.7458e+06,15.564
1.7658e+06,15.489
1.7673e+06,15.465
1.7705e+06,15.485
1.7705e+06,15.44
1.7705e+06,15.468
1.7706e+06,15.557
1.771e+06,15.606
1.7715e+06,15.522
1.7725e+06,15.395
1.7735e+06,15.661
1.7755e+06,15.61
1.7775e+06,15.671
1.7805e+06,15.451
1.7855e+06,15.598
1.7905e+06,15.656
1.8158e+06,15.781
1.8205e+06,15.664
1.8253e+06,15.709
1.8253e+06,15.587
1.8253e+06,15.366
1.8254e+06,15.567
1.8258e+06,15.507
1.8263e+06,15.59
1.8273e+06,15.556
1.8283e+06,15.51
1.8303e+06,15.81
1.8304e+06,15.516
1.8323e+06,15.618
1.8353e+06,15.661
1.8403e+06,15.491
1.8453e+06,15.676
1.8658e+06,15.674
1.8705e+06,15.578
1.8747e+06,15.709
1.8753e+06,15.689
1.8818e+06,15.636
1.8818e+06,15.441
1.8818e+06,15.519
1.8819e+06,15.682
1.8823e+06,15.743
1.8828e+06,15.714
1.8838e+06,15.566
1.8848e+06,15.385
1.8868e+06,15.654
1.8873e+06,15.534
1.8888e+06,15.726
1.8918e+06,15.504
1.8968e+06,15.471
1.9018e+06,15.691
1.9054e+06,15.357
1.9209e+06,15.509
1.9253e+06,15.521
1.9318e+06,15.522
1.94e+06,15.43
1.94e+06,15.639
1.94e+06,15.753
1.9401e+06,15.581
1.9405e+06,15.555
1.941e+06,15.47
1.942e+06,15.55
1.943e+06,15.564
1.945e+06,15.674
1.9458e+06,15.525
1.947e+06,15.656
1.95e+06,15.583
1.955e+06,15.656
1.96e+06,15.619
1.9673e+06,15.482
1.9705e+06,15.645
1.9818e+06,15.635
1.99e+06,15.599
2e+06,15.535